image_id,x_min,y_min,x_max,y_max
ISIC_0010226,441,111,800,565
ISIC_0014506,912,0,3492,2716
ISIC_0010069,395,249,702,565
ISIC_0012682,1429,870,1720,1098
ISIC_0000028,267,266,1179,951
ISIC_0008626,715,999,2508,2148
ISIC_0013618,499,110,3796,2478
ISIC_0015149,1191,0,5702,4071
ISIC_0014897,2809,797,5631,3906
ISIC_0000436,192,26,2415,2261
ISIC_0011387,135,0,1024,768
ISIC_0012303,1429,730,1979,1130
ISIC_0014346,1905,1620,2316,2096
ISIC_0016055,1148,237,3228,2426
ISIC_0009979,339,212,686,550
ISIC_0014974,1867,1323,4558,3953
ISIC_0012376,1359,839,1697,1083
ISIC_0010064,279,187,683,638
ISIC_0000268,59,150,1022,753
ISIC_0014818,566,718,6594,3890
ISIC_0008406,954,1191,1712,2166
ISIC_0010598,352,201,618,482
ISIC_0014299,1840,1093,2228,1482
ISIC_0000418,545,495,2569,1803
ISIC_0015211,1107,0,6045,4397
ISIC_0015109,984,967,5469,4099
ISIC_0013600,1256,1066,3010,2014
ISIC_0015173,387,0,4923,4125
ISIC_0015544,2633,0,5054,4440
ISIC_0014919,1463,936,4197,3662
ISIC_0012855,1194,605,1861,1098
ISIC_0010380,398,232,837,647
ISIC_0014745,1406,932,4811,3889
ISIC_0013656,1841,927,2273,1382
ISIC_0010207,410,188,654,499
ISIC_0011128,183,55,798,768
ISIC_0014643,938,311,1874,1500
ISIC_0014559,920,83,3080,2384
ISIC_0015330,1997,1008,4795,3644
ISIC_0015115,791,250,5470,3986
ISIC_0013473,470,0,4279,2843
ISIC_0012526,1804,730,2819,1584
ISIC_0013087,1092,652,1767,1353
ISIC_0011373,0,0,1024,768
ISIC_0000136,128,53,1805,1424
ISIC_0014158,1879,1201,2462,1806
ISIC_0009873,99,61,756,607
ISIC_0000499,254,171,713,581
ISIC_0010102,234,106,769,693
ISIC_0013972,1058,985,2437,2533
ISIC_0013428,1101,418,2986,2207
ISIC_0001296,1534,705,2540,1234
ISIC_0013511,1182,605,2012,1324
ISIC_0000407,338,498,2653,1974
ISIC_0013983,1194,589,1932,1208
ISIC_0000348,199,113,594,473
ISIC_0011092,387,145,701,546
ISIC_0013238,1357,704,2243,1665
ISIC_0009950,184,187,806,641
ISIC_0013636,1161,235,3412,2550
ISIC_0012342,1244,859,2604,2324
ISIC_0000244,154,34,698,670
ISIC_0012676,1312,870,1673,1208
ISIC_0014457,635,266,3596,2786
ISIC_0011225,487,345,691,524
ISIC_0000093,721,489,1411,1157
ISIC_0013417,1871,1197,2383,1607
ISIC_0000307,0,0,711,575
ISIC_0014185,1603,1108,2685,2252
ISIC_0000338,201,140,500,495
ISIC_0010457,10,0,1024,768
ISIC_0009938,241,87,777,591
ISIC_0000510,181,130,744,666
ISIC_0001134,1030,729,2118,1560
ISIC_0015133,2705,245,5939,3511
ISIC_0016016,602,447,2082,2210
ISIC_0015974,222,86,747,545
ISIC_0012768,909,400,2086,1731
ISIC_0010362,231,247,504,476
ISIC_0016063,2020,1504,2561,2033
ISIC_0011130,281,209,719,593
ISIC_0000323,234,115,475,350
ISIC_0015996,1177,991,1814,1656
ISIC_0010081,337,214,677,588
ISIC_0012950,1690,745,2636,1706
ISIC_0011223,362,209,673,599
ISIC_0000021,185,102,1093,1059
ISIC_0014114,663,209,2452,1814
ISIC_0013109,1407,712,1799,1190
ISIC_0012701,1359,745,1744,1192
ISIC_0015130,1136,511,5107,3777
ISIC_0013975,1253,770,2024,1575
ISIC_0010058,258,89,818,601
ISIC_0010247,227,68,778,705
ISIC_0016058,1839,1729,2323,2463
ISIC_0013334,690,563,3034,2354
ISIC_0014189,856,3,3992,2772
ISIC_0015972,1244,464,2297,1500
ISIC_0013026,1780,1170,2152,1442
ISIC_0000243,28,92,498,692
ISIC_0008116,669,572,1310,1402
ISIC_0009953,47,110,843,666
ISIC_0015991,1154,775,1931,1202
ISIC_0000352,253,160,509,430
ISIC_0014013,936,308,2214,1458
ISIC_0010213,263,293,821,768
ISIC_0010105,300,146,683,555
ISIC_0009921,2,32,941,768
ISIC_0000409,802,552,1653,1323
ISIC_0010858,187,265,758,747
ISIC_0010357,322,224,654,597
ISIC_0013615,1380,852,2967,2473
ISIC_0009977,353,107,690,583
ISIC_0012823,1538,1190,2001,1564
ISIC_0013319,1685,643,2734,2005
ISIC_0009884,333,215,691,584
ISIC_0011345,402,42,696,616
ISIC_0009920,287,116,933,653
ISIC_0012149,1341,700,1996,1307
ISIC_0000213,57,91,631,479
ISIC_0000193,140,135,831,573
ISIC_0015212,2424,1453,4466,3127
ISIC_0012940,1483,846,2199,1474
ISIC_0013213,1194,761,1861,1473
ISIC_0014572,947,600,1584,1215
ISIC_0014366,1000,730,2886,1896
ISIC_0000141,539,439,1671,1165
ISIC_0000397,677,315,2197,1983
ISIC_0013918,1265,511,2096,1145
ISIC_0010029,129,28,882,768
ISIC_0016043,1646,1377,2456,2008
ISIC_0000357,265,164,527,401
ISIC_0009344,1415,827,2483,1887
ISIC_0000473,957,410,2134,1632
ISIC_0014131,1525,766,2062,1282
ISIC_0015273,2150,1793,3738,3069
ISIC_0013359,1053,429,3170,2594
ISIC_0000198,198,86,545,420
ISIC_0000522,194,34,708,725
ISIC_0014830,678,432,4607,3865
ISIC_0014032,2430,959,3206,1620
ISIC_0013602,1548,949,2268,1712
ISIC_0011121,0,0,1024,768
ISIC_0000205,92,0,1448,988
ISIC_0013782,1006,589,1838,1208
ISIC_0014687,2010,56,5627,3853
ISIC_0015040,2257,1541,4187,3047
ISIC_0013082,1599,1028,2122,1665
ISIC_0011202,333,128,790,543
ISIC_0010256,429,301,622,503
ISIC_0013783,942,9,3191,2537
ISIC_0001242,1662,925,2620,1555
ISIC_0014912,0,501,6708,4368
ISIC_0012434,1500,824,2096,1317
ISIC_0015989,1260,679,1680,1192
ISIC_0014722,563,99,5523,4402
ISIC_0013739,1070,584,1702,1494
ISIC_0013277,766,106,2106,1823
ISIC_0010350,212,136,827,722
ISIC_0000131,462,92,1517,1118
ISIC_0015607,0,17,6115,4380
ISIC_0000326,214,138,523,487
ISIC_0014969,1635,505,5701,3523
ISIC_0015190,827,134,5406,4147
ISIC_0015510,2049,1446,4195,3579
ISIC_0015355,1720,1235,4746,2570
ISIC_0009998,264,77,779,582
ISIC_0010568,35,71,992,697
ISIC_0013258,1312,699,1979,1223
ISIC_0000447,636,772,1306,1482
ISIC_0013034,1175,656,2036,1484
ISIC_0004168,1491,944,2120,1749
ISIC_0012654,864,657,1261,973
ISIC_0012159,1077,870,1978,1457
ISIC_0012969,1122,760,1510,1256
ISIC_0012902,1001,882,2448,2481
ISIC_0000224,125,0,831,640
ISIC_0013766,1799,1031,2565,2023
ISIC_0013833,14,3,4178,2848
ISIC_0000133,798,344,1554,1133
ISIC_0000328,118,11,644,529
ISIC_0006651,450,663,1155,1293
ISIC_0012786,517,357,2234,1981
ISIC_0013397,2026,183,3200,1468
ISIC_0016042,1771,983,2689,1788
ISIC_0000320,151,59,610,530
ISIC_0013867,434,27,3212,2480
ISIC_0010553,205,217,786,510
ISIC_0000434,537,61,2439,1699
ISIC_0010472,373,157,612,432
ISIC_0010317,404,299,694,559
ISIC_0013374,137,0,3969,2607
ISIC_0009083,1704,257,2664,1443
ISIC_0010584,333,245,659,541
ISIC_0013458,1804,1019,2718,1785
ISIC_0015140,23,0,6255,4276
ISIC_0000331,116,129,556,539
ISIC_0014966,1441,0,6156,3679
ISIC_0010171,180,79,826,664
ISIC_0016007,1752,1281,2726,2179
ISIC_0015204,670,410,5504,4420
ISIC_0000519,680,15,2654,2287
ISIC_0014233,1021,719,2933,2793
ISIC_0012669,1245,796,1772,1236
ISIC_0013580,1938,1041,2685,1785
ISIC_0016053,1638,1227,2011,1656
ISIC_0000069,236,218,720,561
ISIC_0013982,1730,686,2818,1813
ISIC_0013617,644,694,3108,2411
ISIC_0013921,1780,927,2394,1665
ISIC_0010455,0,101,935,744
ISIC_0000255,186,174,768,566
ISIC_0013554,1737,1442,2249,2007
ISIC_0010177,425,247,643,495
ISIC_0015496,1249,344,4811,3662
ISIC_0011081,271,134,838,753
ISIC_0012835,1312,824,1673,1083
ISIC_0014961,1019,131,6418,4459
ISIC_0010216,304,272,685,610
ISIC_0015967,859,294,2185,1655
ISIC_0000458,212,155,701,687
ISIC_0015312,1174,438,5378,4191
ISIC_0013778,1134,1064,3623,2185
ISIC_0012544,2039,1175,2316,1473
ISIC_0000345,269,179,440,357
ISIC_0007788,1126,1128,2282,2503
ISIC_0015331,1734,195,5503,3826
ISIC_0000109,209,124,1697,1534
ISIC_0012660,1039,392,1605,1000
ISIC_0009991,289,36,787,682
ISIC_0011214,53,92,948,768
ISIC_0013792,787,547,1354,1097
ISIC_0002647,1330,851,2415,1548
ISIC_0012529,1972,1086,2517,1762
ISIC_0010562,359,213,704,617
ISIC_0014835,622,427,4973,4320
ISIC_0009298,1047,1350,2236,2297
ISIC_0014994,2567,748,4755,2450
ISIC_0000206,349,265,1118,883
ISIC_0013052,886,470,2390,1748
ISIC_0010067,190,267,894,622
ISIC_0011143,360,274,512,384
ISIC_0015440,2780,1152,4297,3243
ISIC_0012865,1448,826,2455,1726
ISIC_0014144,1871,819,2484,1607
ISIC_0010448,75,31,960,768
ISIC_0001960,827,947,1671,1574
ISIC_0012702,1406,829,1745,1110
ISIC_0013674,994,464,2922,2612
ISIC_0014080,1737,1064,2852,1829
ISIC_0014797,3281,1119,4588,2365
ISIC_0008294,1304,608,1885,1092
ISIC_0014942,1425,1187,3923,3012
ISIC_0012178,784,374,1863,1323
ISIC_0000166,85,0,621,508
ISIC_0015975,1286,705,2000,1245
ISIC_0014697,1833,628,4189,3305
ISIC_0012164,1312,714,1697,1145
ISIC_0014501,1402,863,3154,2118
ISIC_0010844,264,121,776,650
ISIC_0016024,1383,778,2406,2049
ISIC_0000026,75,83,1466,1065
ISIC_0000175,234,92,671,566
ISIC_0013423,890,359,3457,2378
ISIC_0000386,886,693,2147,2020
ISIC_0011176,183,121,766,684
ISIC_0015937,920,483,1333,861
ISIC_0015216,89,6,6617,4418
ISIC_0000541,103,145,686,592
ISIC_0016012,1631,1643,2568,2258
ISIC_0013178,776,153,2161,1988
ISIC_0010569,418,290,589,453
ISIC_0009583,984,940,2222,1699
ISIC_0016068,1460,777,2954,2392
ISIC_0000361,154,48,627,520
ISIC_0000419,580,136,2590,2222
ISIC_0003559,1631,1319,2617,2216
ISIC_0012949,1523,808,1885,1192
ISIC_0014815,2134,326,5470,3447
ISIC_0013747,1459,796,2860,2424
ISIC_0000355,97,45,547,573
ISIC_0000332,200,67,506,365
ISIC_0009939,189,167,902,578
ISIC_0010468,260,153,670,730
ISIC_0009160,1286,308,2039,1040
ISIC_0014725,1136,524,5408,3848
ISIC_0015245,805,203,5484,4093
ISIC_0015593,917,798,5124,3732
ISIC_0015208,1710,385,6039,4388
ISIC_0013053,1659,1170,2182,1726
ISIC_0014522,1618,1236,2275,1973
ISIC_0012659,1039,583,1246,868
ISIC_0013588,1358,810,2936,2219
ISIC_0010337,261,133,759,595
ISIC_0015243,518,0,6170,4459
ISIC_0014746,914,0,6203,4111
ISIC_0013797,1145,259,2545,1766
ISIC_0014661,1869,1140,4689,3334
ISIC_0000016,242,22,742,519
ISIC_0011135,402,82,874,590
ISIC_0010104,354,234,673,478
ISIC_0015390,755,17,6663,4425
ISIC_0002206,734,339,1392,956
ISIC_0000503,171,154,742,622
ISIC_0012156,1194,839,1744,1130
ISIC_0000364,75,6,639,569
ISIC_0014478,1659,1435,2414,2275
ISIC_0011082,450,288,607,448
ISIC_0010205,368,219,689,545
ISIC_0012238,1612,1012,2796,2124
ISIC_0014430,1536,774,2886,2118
ISIC_0000471,286,183,643,639
ISIC_0013193,1091,645,2408,1348
ISIC_0013862,692,250,3732,2565
ISIC_0016059,1864,1502,2442,2093
ISIC_0013044,1629,1130,2182,1604
ISIC_0011210,359,199,540,487
ISIC_0011330,264,293,637,561
ISIC_0000301,0,0,767,576
ISIC_0012674,1124,605,2096,1411
ISIC_0014932,1727,0,6688,4439
ISIC_0013559,1171,620,1744,1348
ISIC_0000509,237,46,689,770
ISIC_0000246,90,0,894,738
ISIC_0000431,1124,403,2104,1675
ISIC_0012330,1308,671,2178,1362
ISIC_0014573,998,546,1477,1249
ISIC_0000011,238,146,758,581
ISIC_0011300,12,0,1007,768
ISIC_0000367,139,85,643,506
ISIC_0000353,151,124,572,501
ISIC_0000523,225,158,706,632
ISIC_0000116,125,168,1543,1350
ISIC_0013314,1670,1353,2450,2207
ISIC_0000134,856,386,1320,1201
ISIC_0011344,285,198,719,618
ISIC_0013489,895,499,1408,989
ISIC_0013777,933,975,2651,1896
ISIC_0015156,936,1446,6103,4382
ISIC_0014133,230,0,3221,2741
ISIC_0015201,821,810,5064,3441
ISIC_0000127,214,2,1716,1385
ISIC_0011144,191,156,762,697
ISIC_0010003,421,190,648,463
ISIC_0010335,161,0,977,768
ISIC_0014657,1955,745,4337,2526
ISIC_0015357,2039,1323,3913,3233
ISIC_0014786,973,184,6245,4206
ISIC_0016022,1205,1628,2061,2429
ISIC_0015009,0,0,6668,4025
ISIC_0009910,19,175,1002,647
ISIC_0015250,1131,762,4446,3308
ISIC_0015958,1418,1005,2218,1626
ISIC_0013984,1030,120,1979,1348
ISIC_0000359,41,0,718,576
ISIC_0007332,701,677,1667,1401
ISIC_0001102,169,165,2811,2087
ISIC_0012109,1312,777,1744,1208
ISIC_0000049,107,0,1424,1076
ISIC_0012473,1100,921,3067,2596
ISIC_0011104,209,1,832,748
ISIC_0003805,1068,423,1480,909
ISIC_0000096,479,206,1710,1187
ISIC_0009935,310,210,757,554
ISIC_0014428,1737,1264,2584,2096
ISIC_0013075,1145,785,2092,1604
ISIC_0015966,1594,575,2444,1770
ISIC_0013663,1369,84,3053,2385
ISIC_0012309,1436,1130,2115,1896
ISIC_0010088,395,253,679,532
ISIC_0014769,1293,341,5401,4219
ISIC_0000349,203,116,487,401
ISIC_0012713,1387,809,1696,1144
ISIC_0003174,1150,903,1809,1455
ISIC_0016035,901,34,4131,2539
ISIC_0015032,2686,1268,6109,3856
ISIC_0001275,1043,319,1728,1074
ISIC_0000444,860,431,2130,1529
ISIC_0015152,1793,449,5241,3913
ISIC_0013487,947,437,1369,1063
ISIC_0000317,242,156,371,335
ISIC_0010066,218,90,875,632
ISIC_0000077,270,170,1263,1121
ISIC_0012549,1603,1108,2551,2007
ISIC_0014249,866,329,3020,1940
ISIC_0000067,119,73,625,650
ISIC_0000486,230,161,648,659
ISIC_0010476,354,140,694,643
ISIC_0000408,0,104,3072,2092
ISIC_0013403,1804,1130,2551,1963
ISIC_0013031,904,525,1689,1150
ISIC_0001367,1052,117,1807,911
ISIC_0013803,1359,855,1697,1130
ISIC_0013689,1972,1197,2350,1584
ISIC_0009919,199,173,846,710
ISIC_0011294,159,220,689,678
ISIC_0014526,1771,1153,2584,1896
ISIC_0014829,2331,1036,4000,3196
ISIC_0013411,100,663,3021,2788
ISIC_0012137,1108,603,1756,1328
ISIC_0000316,146,34,632,546
ISIC_0014805,1817,1250,3855,2653
ISIC_0000226,120,32,805,625
ISIC_0009987,308,104,731,736
ISIC_0000167,227,1,699,506
ISIC_0012105,1312,745,1767,1286
ISIC_0004337,1050,685,1602,1153
ISIC_0013249,1694,966,2345,1597
ISIC_0013592,1905,1175,2316,1651
ISIC_0000463,744,94,2195,1583
ISIC_0014832,1189,446,5090,3508
ISIC_0002871,1842,915,2563,1807
ISIC_0012400,1236,856,3222,2050
ISIC_0014422,364,641,3924,2675
ISIC_0011367,371,264,618,498
ISIC_0000219,140,2,777,551
ISIC_0005000,1115,614,1803,1492
ISIC_0009930,516,259,643,490
ISIC_0013070,1263,949,2036,1926
ISIC_0007322,1181,756,2303,1833
ISIC_0002374,895,522,1526,1376
ISIC_0000358,231,67,538,401
ISIC_0008236,1412,837,2902,1611
ISIC_0014927,293,76,5930,4401
ISIC_0010848,260,218,647,577
ISIC_0000063,203,104,1220,1129
ISIC_0006940,1980,1235,3208,2069
ISIC_0010585,460,197,645,382
ISIC_0000228,80,91,783,593
ISIC_0001254,694,514,1369,1376
ISIC_0013129,1119,562,1832,1244
ISIC_0010062,0,38,1017,761
ISIC_0011107,111,0,905,768
ISIC_0015984,1682,813,3005,1922
ISIC_0010071,0,0,1021,768
ISIC_0010201,47,84,900,763
ISIC_0000181,673,77,1262,864
ISIC_0012789,1397,822,1718,1220
ISIC_0002488,183,815,1006,1427
ISIC_0013177,1146,230,2205,1393
ISIC_0010339,256,215,710,545
ISIC_0010852,342,291,704,554
ISIC_0000293,55,0,1024,768
ISIC_0001442,884,500,1776,1241
ISIC_0000477,213,93,752,769
ISIC_0015044,927,548,3987,3874
ISIC_0010488,55,130,873,708
ISIC_0015057,1151,109,5017,3511
ISIC_0014940,1717,663,5146,3977
ISIC_0010851,323,156,807,667
ISIC_0011230,297,151,762,511
ISIC_0015482,1076,0,5138,4110
ISIC_0013806,1871,1019,2484,1607
ISIC_0000023,571,256,1250,835
ISIC_0013094,1333,851,1718,1204
ISIC_0000536,236,221,490,456
ISIC_0012095,1343,642,2057,1189
ISIC_0000470,182,169,690,615
ISIC_0012939,1659,1150,2213,1503
ISIC_0012673,1006,636,1979,1270
ISIC_0002948,1243,660,1862,1484
ISIC_0012725,1312,699,1720,1192
ISIC_0011099,197,151,994,650
ISIC_0000092,708,460,1454,1000
ISIC_0010572,132,0,818,716
ISIC_0014992,1830,652,5594,3880
ISIC_0012415,1348,827,1722,1157
ISIC_0012793,1312,886,1626,1114
ISIC_0010329,0,0,1024,768
ISIC_0012503,1603,1286,2685,2163
ISIC_0016008,1005,576,2358,2615
ISIC_0014046,1972,1375,2450,1762
ISIC_0010333,65,186,773,733
ISIC_0000314,139,41,623,483
ISIC_0012179,1436,844,1733,1106
ISIC_0012547,1737,1041,2651,1896
ISIC_0014783,1349,652,5521,3425
ISIC_0015158,2867,1592,5243,3833
ISIC_0010576,151,0,748,734
ISIC_0013606,1905,1108,2484,1607
ISIC_0011089,288,125,793,610
ISIC_0012932,848,291,2036,1798
ISIC_0000525,183,85,858,632
ISIC_0012334,1171,480,1767,1145
ISIC_0014987,2168,824,5022,3837
ISIC_0012167,1288,750,1866,1467
ISIC_0015011,653,0,6648,4459
ISIC_0000882,136,185,1182,877
ISIC_0012813,482,159,2411,1906
ISIC_0010449,149,86,748,672
ISIC_0000086,386,480,2126,1422
ISIC_0015986,1192,585,1679,1406
ISIC_0012455,1241,527,2049,1067
ISIC_0000036,118,163,1193,1033
ISIC_0010361,72,53,820,749
ISIC_0012205,1147,699,1791,1223
ISIC_0011336,116,140,781,693
ISIC_0015124,883,548,5642,4218
ISIC_0000469,209,57,754,660
ISIC_0013200,1241,792,1908,1270
ISIC_0000251,329,240,729,553
ISIC_0013988,327,0,1828,1952
ISIC_0013671,1201,1064,2953,2519
ISIC_0009964,325,228,587,555
ISIC_0012878,1387,866,2424,1665
ISIC_0009931,229,111,848,678
ISIC_0014879,2482,1291,3550,2506
ISIC_0000354,142,0,631,520
ISIC_0000230,21,31,904,674
ISIC_0014394,1737,1531,2718,2207
ISIC_0016048,1819,1421,2291,1916
ISIC_0015180,712,847,4762,3387
ISIC_0010332,210,72,905,702
ISIC_0014851,2437,1279,5510,3819
ISIC_0013393,1092,712,3352,2700
ISIC_0015445,0,659,6605,4433
ISIC_0000212,15,10,722,529
ISIC_0013325,1778,1094,2510,1925
ISIC_0001190,1671,1129,2389,1824
ISIC_0010379,283,141,752,690
ISIC_0000322,72,80,595,401
ISIC_0010596,140,56,813,767
ISIC_0013861,508,367,3100,2812
ISIC_0012230,1737,1197,2383,1696
ISIC_0006114,717,804,1523,1507
ISIC_0010603,0,0,1024,768
ISIC_0007038,1750,1057,2731,1623
ISIC_0013572,1603,975,2785,1829
ISIC_0016065,1922,1090,2389,1604
ISIC_0013118,1124,620,1650,1176
ISIC_0009915,132,68,860,639
ISIC_0012335,1359,699,1861,1192
ISIC_0010237,295,288,598,489
ISIC_0000544,155,140,618,640
ISIC_0011164,372,240,741,566
ISIC_0012298,1369,1153,2785,2141
ISIC_0013962,1570,1375,2115,1829
ISIC_0015050,0,0,6170,4382
ISIC_0000342,151,121,523,441
ISIC_0007156,809,671,1554,1338
ISIC_0012844,1053,605,1838,1458
ISIC_0015973,269,143,814,604
ISIC_0012661,714,473,1539,1059
ISIC_0013935,1801,1332,2431,1973
ISIC_0000521,7,374,3025,2044
ISIC_0002836,427,1112,1562,2494
ISIC_0011137,206,67,890,666
ISIC_0012740,1352,795,1670,1148
ISIC_0014796,1961,1660,4656,3904
ISIC_0011168,350,270,610,542
ISIC_0014049,1402,930,2350,1651
ISIC_0012697,1265,667,1673,1270
ISIC_0012680,1265,683,1861,1270
ISIC_0013320,1503,730,2651,1940
ISIC_0015023,1837,945,4949,3431
ISIC_0013120,1862,774,2515,1271
ISIC_0004309,1239,1024,2266,1556
ISIC_0013150,1218,511,1908,1192
ISIC_0011315,215,75,849,614
ISIC_0015060,1432,193,4714,4019
ISIC_0006021,1641,923,3003,1820
ISIC_0000420,419,552,2527,1752
ISIC_0000100,532,95,1881,1640
ISIC_0015207,1715,501,5445,3639
ISIC_0014901,1221,633,4423,3548
ISIC_0015089,597,273,5863,4443
ISIC_0011212,0,134,1024,743
ISIC_0014543,1402,1286,2551,2408
ISIC_0014798,1386,578,6072,3546
ISIC_0000415,92,0,2978,2304
ISIC_0016029,1296,944,2774,2106
ISIC_0016026,1299,773,1776,1257
ISIC_0013808,1937,1176,2554,1586
ISIC_0013257,1427,969,2312,1649
ISIC_0014458,1871,1353,2551,2029
ISIC_0015559,979,553,3461,3929
ISIC_0015455,611,720,5263,3434
ISIC_0014780,1142,1223,4775,4038
ISIC_0000550,91,104,800,629
ISIC_0010372,281,98,838,622
ISIC_0013635,1335,796,2450,1851
ISIC_0000041,429,302,823,773
ISIC_0010573,219,45,800,768
ISIC_0014001,866,552,2383,1896
ISIC_0012990,1359,683,1908,1130
ISIC_0000043,191,139,1229,1096
ISIC_0012539,1804,1153,2417,1673
ISIC_0000188,275,0,1438,1036
ISIC_0014127,1168,596,2819,1584
ISIC_0012116,1220,571,1864,1180
ISIC_0012828,792,638,2647,2387
ISIC_0009252,683,702,1352,1586
ISIC_0012887,1406,870,1791,1317
ISIC_0006795,1524,911,2425,1950
ISIC_0013430,1704,908,2752,1918
ISIC_0014289,531,196,3154,2497
ISIC_0010340,116,35,823,692
ISIC_0010057,168,0,888,768
ISIC_0000176,180,222,764,686
ISIC_0014740,881,34,6144,4439
ISIC_0012272,1058,166,2664,2784
ISIC_0000065,163,306,1393,861
ISIC_0010231,31,0,926,768
ISIC_0013512,1347,774,1694,1208
ISIC_0015964,1240,626,1672,1169
ISIC_0011120,0,1,1024,768
ISIC_0015983,822,0,2827,2467
ISIC_0012911,1287,776,1746,1248
ISIC_0012221,1288,745,1791,1239
ISIC_0011163,322,221,741,546
ISIC_0000057,411,329,1046,1075
ISIC_0013465,1820,1019,2359,1720
ISIC_0001427,905,350,1699,1149
ISIC_0010015,185,55,804,705
ISIC_0013027,1900,1264,2150,1560
ISIC_0013146,560,261,2002,1567
ISIC_0013055,1720,1190,2031,1422
ISIC_0013398,2029,970,2479,1410
ISIC_0016070,1890,1327,2608,1906
ISIC_0014743,221,719,5613,3652
ISIC_0010042,248,209,723,570
ISIC_0015383,2077,408,4209,3979
ISIC_0015079,1651,511,4453,2961
ISIC_0011204,131,251,669,605
ISIC_0012384,1503,774,2551,1629
ISIC_0013196,1422,877,1570,1054
ISIC_0012260,1312,652,1767,1161
ISIC_0012318,865,980,1626,1505
ISIC_0012320,1147,761,1791,1317
ISIC_0012379,524,28,2554,1925
ISIC_0010557,297,209,694,595
ISIC_0012284,795,527,1908,1520
ISIC_0000490,191,139,755,652
ISIC_0006982,385,488,1921,1575
ISIC_0010480,147,141,976,720
ISIC_0009949,318,124,716,712
ISIC_0000528,287,156,764,527
ISIC_0000340,234,152,515,506
ISIC_0014419,324,259,2984,2064
ISIC_0013191,979,478,2011,1366
ISIC_0013405,1536,796,2517,1651
ISIC_0000003,246,44,854,705
ISIC_0006671,1073,1102,1584,1557
ISIC_0014825,1033,724,5401,4237
ISIC_0000396,589,381,2111,1755
ISIC_0013438,1536,1130,2517,2141
ISIC_0010447,214,17,817,724
ISIC_0000306,198,130,521,447
ISIC_0000461,117,188,852,694
ISIC_0000315,175,73,523,416
ISIC_0009941,314,178,760,624
ISIC_0013670,2129,1963,2546,2482
ISIC_0000275,429,216,686,618
ISIC_0015170,1249,620,5073,3889
ISIC_0001152,0,70,1936,1227
ISIC_0012338,1335,714,1979,1161
ISIC_0012391,1340,623,1873,1223
ISIC_0012711,1312,839,1650,1145
ISIC_0015417,1681,644,5193,3774
ISIC_0014183,1214,218,2372,2384
ISIC_0014802,2299,1028,4707,3372
ISIC_0000282,95,0,811,700
ISIC_0000507,159,47,738,546
ISIC_0013865,1536,1130,2953,2207
ISIC_0013749,1536,618,2517,1673
ISIC_0000360,267,218,481,452
ISIC_0010341,333,193,606,624
ISIC_0011341,366,251,837,603
ISIC_0015978,1626,642,2277,1311
ISIC_0000018,189,208,1179,857
ISIC_0013639,1448,866,2424,1746
ISIC_0009971,408,251,606,470
ISIC_0015108,2019,272,6387,4390
ISIC_0010588,0,1,1024,768
ISIC_0014831,930,513,5609,3492
ISIC_0014666,364,388,5567,4434
ISIC_0000442,830,452,2321,1841
ISIC_0013056,1104,556,1872,1112
ISIC_0000203,0,0,1502,1051
ISIC_0010592,489,363,657,517
ISIC_0013713,1771,1197,2484,1762
ISIC_0012160,1288,699,1650,1223
ISIC_0012506,1603,1286,2182,1785
ISIC_0014585,1980,859,2799,1786
ISIC_0011326,149,101,630,724
ISIC_0000208,242,0,1502,1051
ISIC_0008659,1163,1464,2259,2005
ISIC_0012210,959,245,2260,1238
ISIC_0012107,771,417,2214,1489
ISIC_0014823,2893,1661,4661,3405
ISIC_0008528,1075,772,2114,2271
ISIC_0014476,1704,975,2584,1807
ISIC_0010604,0,0,1024,768
ISIC_0010461,291,205,637,632
ISIC_0000455,256,412,1853,1530
ISIC_0012891,1194,761,1885,1255
ISIC_0007475,683,453,2003,1230
ISIC_0009976,293,194,689,517
ISIC_0014372,542,227,3139,2515
ISIC_0009932,91,167,956,517
ISIC_0013789,1429,855,1814,1161
ISIC_0000150,280,228,1680,1327
ISIC_0009078,831,708,1642,1371
ISIC_0000390,461,576,3072,2181
ISIC_0013830,1871,1153,2450,1718
ISIC_0014190,1781,975,2719,2453
ISIC_0011298,408,288,716,572
ISIC_0012432,1014,404,2180,1570
ISIC_0014162,1838,1464,2584,2074
ISIC_0009956,143,163,854,597
ISIC_0011115,408,299,610,490
ISIC_0012792,1100,527,2002,1426
ISIC_0013192,1359,870,1673,1192
ISIC_0015229,54,0,6653,4420
ISIC_0011303,145,182,568,509
ISIC_0001106,566,477,2784,2089
ISIC_0012232,1905,1086,2852,1785
ISIC_0012966,1732,1150,2170,1528
ISIC_0016040,1636,767,2527,1623
ISIC_0014423,2054,1069,3396,2292
ISIC_0011292,287,165,671,576
ISIC_0015160,1075,340,5575,3846
ISIC_0000395,194,243,2182,2292
ISIC_0013201,1384,683,1742,1122
ISIC_0014808,1708,686,5038,3425
ISIC_0012693,1194,636,1744,1192
ISIC_0012324,1124,745,1838,1380
ISIC_0014821,2953,1274,5245,3805
ISIC_0010176,425,128,675,561
ISIC_0011159,144,83,1024,768
ISIC_0000319,197,131,539,405
ISIC_0013879,1536,1242,2450,1874
ISIC_0010252,0,0,1007,768
ISIC_0000111,86,74,1995,1497
ISIC_0013456,1917,1448,2216,1756
ISIC_0000119,651,264,1430,1286
ISIC_0014580,658,88,1448,1835
ISIC_0016060,1903,976,2596,1602
ISIC_0013287,1704,930,2383,1807
ISIC_0013601,1690,1028,2424,1706
ISIC_0012493,1810,764,3130,1656
ISIC_0012999,0,524,3109,2292
ISIC_0013929,992,518,3585,2690
ISIC_0014385,893,1,3700,2848
ISIC_0012481,1993,1386,2336,1791
ISIC_0013330,1603,1353,2148,1896
ISIC_0009960,396,242,595,490
ISIC_0000078,500,299,1025,869
ISIC_0014195,1871,1219,2417,1785
ISIC_0015956,1050,452,2260,1328
ISIC_0001186,978,1159,1680,1981
ISIC_0013996,680,927,1876,2224
ISIC_0013140,1417,785,2031,1341
ISIC_0016034,3110,676,3875,1433
ISIC_0012097,1124,745,1673,1223
ISIC_0014723,821,98,5008,3907
ISIC_0013696,1568,487,2128,1101
ISIC_0000498,129,174,821,643
ISIC_0010020,96,72,971,699
ISIC_0014876,634,223,4850,4168
ISIC_0013672,1458,909,3989,2258
ISIC_0016003,1147,710,1760,1315
ISIC_0014110,1135,657,3097,2312
ISIC_0014596,968,767,1382,1078
ISIC_0010002,262,52,830,630
ISIC_0010100,205,193,913,749
ISIC_0015254,1937,157,5201,3404
ISIC_0012826,1478,299,2727,1685
ISIC_0014547,1839,2047,2162,2410
ISIC_0013170,496,127,2310,1980
ISIC_0000163,173,101,804,556
ISIC_0012511,1302,1642,2484,2341
ISIC_0013176,1271,664,2053,1341
ISIC_0009937,390,190,682,518
ISIC_0010178,331,178,677,584
ISIC_0015008,0,0,6648,4479
ISIC_0013189,1312,772,2575,2102
ISIC_0013925,300,31,2516,1968
ISIC_0009946,204,81,751,597
ISIC_0015021,2168,1048,5265,3933
ISIC_0010442,216,42,840,645
ISIC_0010360,145,129,819,570
ISIC_0000552,37,33,617,566
ISIC_0013291,1756,987,2669,2156
ISIC_0014178,1503,1153,2618,1918
ISIC_0013516,976,1317,1978,2380
ISIC_0000186,376,152,719,454
ISIC_0009980,58,0,1024,768
ISIC_0014989,1707,617,4725,4114
ISIC_0000029,293,92,1253,1075
ISIC_0012905,1569,1028,2364,1645
ISIC_0013399,1794,1096,2627,2079
ISIC_0010607,406,309,627,586
ISIC_0012108,1053,714,1791,1442
ISIC_0011117,138,98,864,763
ISIC_0015950,1220,707,1780,1204
ISIC_0012665,1382,964,1744,1208
ISIC_0014527,1176,357,3521,2792
ISIC_0000045,221,12,1091,873
ISIC_0013433,1603,1086,2450,1851
ISIC_0013680,1506,687,2303,1334
ISIC_0013896,1570,1153,2785,2452
ISIC_0015136,1155,704,5128,4070
ISIC_0012666,1359,824,1697,1145
ISIC_0008396,1442,1221,2160,1929
ISIC_0011343,293,156,670,637
ISIC_0000031,181,145,1199,1010
ISIC_0000538,231,131,600,561
ISIC_0015233,1754,804,5395,3597
ISIC_0013565,1860,1219,2618,1740
ISIC_0001267,865,418,1642,1160
ISIC_0012314,628,143,2248,1662
ISIC_0012442,1077,636,1885,1348
ISIC_0014507,1637,1219,2785,2207
ISIC_0012448,1291,782,1657,1174
ISIC_0000262,196,276,424,489
ISIC_0003728,1592,656,2324,1371
ISIC_0002438,1160,554,2091,1376
ISIC_0014248,1907,1620,2279,2064
ISIC_0012256,1639,947,3050,2018
ISIC_0011352,99,48,917,697
ISIC_0009970,79,0,850,768
ISIC_0009990,0,0,1024,768
ISIC_0015018,2041,1103,4675,3721
ISIC_0000062,499,304,879,855
ISIC_0009165,1826,1083,2761,2164
ISIC_0012127,1197,875,1586,1299
ISIC_0014949,1077,288,5223,4025
ISIC_0007344,236,1012,1315,1751
ISIC_0012447,1028,534,2048,1735
ISIC_0014956,1475,263,5333,3681
ISIC_0010467,349,244,671,620
ISIC_0015310,933,250,5950,4389
ISIC_0012288,1637,796,2350,1562
ISIC_0010358,309,243,844,612
ISIC_0012363,1361,927,2367,2154
ISIC_0015082,258,862,5350,4439
ISIC_0015949,1340,755,1766,1075
ISIC_0013457,1192,223,3310,2620
ISIC_0014469,1737,1531,2685,2363
ISIC_0014431,1871,1353,2383,1807
ISIC_0015189,1506,862,4953,3958
ISIC_0009951,230,158,802,750
ISIC_0011088,284,147,827,753
ISIC_0010005,0,79,1010,671
ISIC_0014327,1445,787,3070,2266
ISIC_0014707,2382,717,4311,3064
ISIC_0002107,416,717,1376,1850
ISIC_0000089,731,292,1341,1330
ISIC_0015031,1356,0,5992,3053
ISIC_0012464,1714,931,2385,1607
ISIC_0010374,118,75,975,659
ISIC_0016057,1561,1069,2714,1871
ISIC_0014284,1743,1320,2427,2133
ISIC_0000165,428,87,814,403
ISIC_0010046,299,145,739,538
ISIC_0000384,770,880,1563,1588
ISIC_0000008,194,78,812,721
ISIC_0010474,383,207,710,478
ISIC_0013596,1361,847,1659,1256
ISIC_0009988,0,0,1024,768
ISIC_0010365,241,169,741,643
ISIC_0001126,734,513,2092,2124
ISIC_0000202,0,5,1502,1051
ISIC_0000183,164,32,859,705
ISIC_0000548,143,80,659,530
ISIC_0001247,1629,620,2470,1219
ISIC_0013072,722,490,2244,1902
ISIC_0011359,201,117,696,536
ISIC_0012475,1100,951,2654,2316
ISIC_0013863,1373,1305,1762,1706
ISIC_0011301,280,111,848,633
ISIC_0015627,1648,1090,4031,3083
ISIC_0014713,1079,958,4234,4027
ISIC_0013690,2017,1160,2484,1567
ISIC_0014163,565,107,3556,2652
ISIC_0015563,2686,1849,4421,3152
ISIC_0014357,1335,374,2551,2141
ISIC_0014397,1402,863,3355,2497
ISIC_0013980,1402,841,2215,1740
ISIC_0014174,1938,1130,2450,1629
ISIC_0000382,312,470,1751,1889
ISIC_0000539,22,0,773,709
ISIC_0013958,949,203,2114,1578
ISIC_0013911,1248,703,1776,1282
ISIC_0010202,0,0,843,768
ISIC_0015202,1633,1172,4328,3358
ISIC_0014857,1083,0,6322,4439
ISIC_0016019,1211,682,1821,1283
ISIC_0012803,1048,657,1881,1292
ISIC_0000095,792,458,1314,1131
ISIC_0012749,742,0,2994,1998
ISIC_0015999,1374,765,1763,1165
ISIC_0010054,188,72,796,670
ISIC_0013321,0,0,2511,2848
ISIC_0000058,226,73,1327,1101
ISIC_0014498,1536,863,2584,1562
ISIC_0012382,630,58,2449,1723
ISIC_0014753,921,0,5558,4439
ISIC_0013553,1335,396,2852,1985
ISIC_0012281,1797,1140,2461,1669
ISIC_0000125,952,635,1229,881
ISIC_0015401,930,306,4471,3112
ISIC_0010595,278,30,892,768
ISIC_0014518,1624,479,3492,1724
ISIC_0013529,1704,997,2551,1762
ISIC_0010857,0,3,1017,768
ISIC_0012177,1288,855,1861,1286
ISIC_0012726,1288,761,1697,1067
ISIC_0007241,957,488,1625,1179
ISIC_0010037,0,2,1022,761
ISIC_0000020,289,144,943,1099
ISIC_0011119,300,230,733,580
ISIC_0014739,1720,1209,4759,3507
ISIC_0000330,214,63,601,355
ISIC_0000524,156,112,788,673
ISIC_0012517,1500,497,2776,1914
ISIC_0013230,1220,683,1760,1265
ISIC_0009904,229,10,842,768
ISIC_0000035,169,68,1331,1017
ISIC_0012550,1503,1153,2417,2052
ISIC_0009972,284,305,655,601
ISIC_0010487,135,178,852,536
ISIC_0015041,1293,1295,4377,3521
ISIC_0000235,52,8,653,542
ISIC_0015260,2092,1591,5664,3611
ISIC_0011402,0,68,1024,768
ISIC_0000381,133,404,1674,1904
ISIC_0004985,1537,999,2324,2142
ISIC_0012706,1061,508,1808,1406
ISIC_0011205,324,155,671,463
ISIC_0014328,1461,332,2501,2076
ISIC_0000403,988,536,2006,1950
ISIC_0000162,154,15,813,571
ISIC_0014365,531,84,3857,2848
ISIC_0014642,684,404,1564,1215
ISIC_0011296,251,142,729,609
ISIC_0010229,354,86,714,714
ISIC_0010565,353,148,793,709
ISIC_0011165,168,233,947,667
ISIC_0000171,110,65,824,682
ISIC_0015961,1229,605,1888,1400
ISIC_0015295,48,0,6483,4374
ISIC_0010849,199,27,679,713
ISIC_0014386,1242,593,3191,2835
ISIC_0014809,1754,1412,4505,3769
ISIC_0014639,663,633,1739,1420
ISIC_0015019,955,0,5739,4048
ISIC_0015443,1800,408,5368,3752
ISIC_0012191,1233,627,1700,1276
ISIC_0013691,936,558,1932,1505
ISIC_0015412,1247,546,5520,3733
ISIC_0013063,732,323,2274,1852
ISIC_0013432,1771,1064,2651,1829
ISIC_0014164,1536,1264,3053,2185
ISIC_0010318,287,128,729,528
ISIC_0015118,452,0,5301,4419
ISIC_0010466,210,297,658,601
ISIC_0015125,1791,1360,4891,3788
ISIC_0000412,480,205,2442,2177
ISIC_0016066,1740,1425,2932,2650
ISIC_0016044,1726,836,2643,1900
ISIC_0013136,1312,699,1885,1270
ISIC_0000476,33,18,903,802
ISIC_0015309,573,1220,3134,4120
ISIC_0013708,0,2,3276,2592
ISIC_0000274,125,165,870,639
ISIC_0013315,972,904,2358,2380
ISIC_0010463,112,174,903,666
ISIC_0014915,1044,239,5874,4220
ISIC_0000363,182,143,637,486
ISIC_0012944,1569,623,2576,1604
ISIC_0015998,1602,987,2406,1557
ISIC_0015537,1279,4,5292,4288
ISIC_0012523,2112,1375,2472,1719
ISIC_0010567,293,196,735,545
ISIC_0012930,1053,480,1744,1208
ISIC_0009889,295,222,685,570
ISIC_0010462,335,226,654,520
ISIC_0000453,904,373,2390,2126
ISIC_0005620,679,473,1416,1197
ISIC_0011090,103,130,833,639
ISIC_0010186,229,98,800,762
ISIC_0010589,78,0,930,670
ISIC_0014680,1720,793,5177,3542
ISIC_0014062,1168,1219,2517,2252
ISIC_0014920,1610,1105,4432,2918
ISIC_0013897,1738,1581,2641,2392
ISIC_0010173,300,307,691,619
ISIC_0012856,1448,785,2092,1341
ISIC_0010055,207,139,734,622
ISIC_0012496,1503,796,2484,1673
ISIC_0013395,1670,1397,2316,2207
ISIC_0015944,1192,661,1779,1290
ISIC_0011132,269,58,718,514
ISIC_0014255,992,603,3356,2700
ISIC_0010862,181,183,597,577
ISIC_0012744,1406,839,1720,1130
ISIC_0015232,921,622,4763,4020
ISIC_0014784,0,0,5971,4079
ISIC_0015360,827,1117,6253,3535
ISIC_0000139,708,316,2158,1772
ISIC_0010334,60,0,982,768
ISIC_0014728,1004,128,5702,4310
ISIC_0012657,967,667,1336,1025
ISIC_0010854,280,218,656,567
ISIC_0000425,448,42,2587,2205
ISIC_0010850,228,186,587,572
ISIC_0013023,1194,730,1673,1255
ISIC_0009927,360,38,755,459
ISIC_0010190,0,2,1024,768
ISIC_0013311,1603,1197,2316,1963
ISIC_0010591,220,132,791,617
ISIC_0012257,1871,1086,2785,1896
ISIC_0014854,939,147,5898,4059
ISIC_0000154,747,364,1522,1062
ISIC_0000240,301,169,760,587
ISIC_0014742,567,65,5925,4251
ISIC_0013772,1704,1041,2249,1673
ISIC_0015035,2564,1726,3797,2799
ISIC_0013874,632,507,3321,2430
ISIC_0013204,1210,763,1876,1253
ISIC_0000025,391,248,1097,975
ISIC_0009958,339,167,736,596
ISIC_0011385,188,245,743,721
ISIC_0013232,1218,433,2049,1286
ISIC_0010264,0,31,932,669
ISIC_0013220,1053,699,1861,1442
ISIC_0000013,193,117,794,642
ISIC_0013998,1610,388,2590,1107
ISIC_0015464,651,275,5557,4072
ISIC_0013844,1171,761,1861,1395
ISIC_0012487,1080,686,1887,1403
ISIC_0010017,126,114,837,729
ISIC_0008998,443,469,3751,2692
ISIC_0015955,668,45,2292,1464
ISIC_0016000,1643,912,2345,1627
ISIC_0000142,466,222,1712,1395
ISIC_0010222,0,0,1024,768
ISIC_0000378,509,1,2065,1667
ISIC_0013842,1222,555,1931,1134
ISIC_0013197,1382,870,1603,1051
ISIC_0012378,1382,745,1838,1114
ISIC_0015976,1249,753,1859,1272
ISIC_0000017,419,256,1013,877
ISIC_0010479,115,38,914,640
ISIC_0000236,28,24,868,687
ISIC_0013676,1871,1064,2852,2185
ISIC_0014609,421,0,1787,1744
ISIC_0012134,78,6,2792,1999
ISIC_0014839,2789,134,5074,2780
ISIC_0013977,1289,731,1900,1466
ISIC_0010251,518,320,692,550
ISIC_0002251,1524,981,2637,1785
ISIC_0013167,1206,400,2727,1422
ISIC_0007760,403,534,1206,1311
ISIC_0000216,195,52,871,624
ISIC_0012358,1170,891,2257,1569
ISIC_0000336,184,97,496,407
ISIC_0010483,256,220,616,659
ISIC_0015436,887,773,5441,3569
ISIC_0014302,1871,774,2685,1851
ISIC_0015631,1283,871,4922,3544
ISIC_0011324,385,82,733,639
ISIC_0015965,1227,803,1863,1284
ISIC_0003582,527,474,1911,1511
ISIC_0000172,227,49,795,656
ISIC_0000514,289,158,632,624
ISIC_0010443,329,148,748,520
ISIC_0013721,1178,568,2346,1472
ISIC_0001163,876,588,1846,1530
ISIC_0013634,1492,629,2919,2426
ISIC_0013748,1503,641,2685,1918
ISIC_0013114,993,570,2148,1562
ISIC_0012986,1481,700,2354,1578
ISIC_0004110,798,366,1681,1624
ISIC_0012187,1288,699,1885,1208
ISIC_0000482,119,222,790,604
ISIC_0006776,970,636,1679,1371
ISIC_0015264,2320,1010,3884,3035
ISIC_0014855,1135,1480,4768,4078
ISIC_0015163,2324,7,5155,4415
ISIC_0010182,414,178,558,542
ISIC_0015942,1404,801,1680,1198
ISIC_0010853,329,268,625,524
ISIC_0012285,1413,882,1800,1283
ISIC_0013702,1142,665,3006,1991
ISIC_0009897,57,0,986,768
ISIC_0015200,308,65,6661,4422
ISIC_0000156,401,104,1547,1457
ISIC_0014952,971,581,5085,3903
ISIC_0015218,845,851,4848,4025
ISIC_0000517,0,0,919,802
ISIC_0010086,241,165,687,745
ISIC_0014583,780,640,1385,1258
ISIC_0008541,1643,1170,2550,1788
ISIC_0012494,1763,602,3035,1711
ISIC_0000343,28,71,550,545
ISIC_0000493,137,72,847,751
ISIC_0000097,434,188,1694,1174
ISIC_0014731,2089,1259,4415,3205
ISIC_0016025,724,346,2055,1803
ISIC_0000145,497,104,1533,1322
ISIC_0014599,623,298,2231,1728
ISIC_0015568,1064,773,3814,3224
ISIC_0013799,1209,725,1899,1273
ISIC_0012746,1218,777,1766,1129
ISIC_0016061,1886,1480,2337,1926
ISIC_0016011,1856,1082,2374,1655
ISIC_0012148,1006,699,1838,1348
ISIC_0009974,147,0,809,687
ISIC_0012484,1400,787,2792,2203
ISIC_0014964,1270,272,6340,3664
ISIC_0000313,217,127,658,462
ISIC_0014150,1436,1242,2819,2230
ISIC_0014778,1927,1584,3867,3181
ISIC_0012684,1006,277,1955,1505
ISIC_0014944,2516,1034,5023,3194
ISIC_0010382,0,0,977,768
ISIC_0013643,1771,908,2584,1851
ISIC_0012495,1838,863,2484,1518
ISIC_0014903,1983,1185,6228,3187
ISIC_0014486,1536,952,2517,1785
ISIC_0007141,1372,511,2646,1538
ISIC_0013595,1312,842,1694,1182
ISIC_0016062,1726,1108,2537,1802
ISIC_0000460,147,193,697,578
ISIC_0000388,1040,705,1942,1722
ISIC_0014173,1029,234,3740,2747
ISIC_0015418,1229,1001,5674,3300
ISIC_0013304,1626,889,2750,1850
ISIC_0011322,156,9,791,768
ISIC_0013558,1288,667,1736,1268
ISIC_0012888,1241,730,1838,1380
ISIC_0013480,1357,988,1910,1442
ISIC_0010367,356,231,716,588
ISIC_0010053,316,241,635,508
ISIC_0014027,1088,519,2399,2068
ISIC_0000383,447,392,1784,1694
ISIC_0015957,1351,560,2655,1939
ISIC_0012551,1433,699,2273,1470
ISIC_0000374,203,97,507,438
ISIC_0013335,1335,841,2953,2363
ISIC_0014714,358,0,6622,4422
ISIC_0000015,172,106,730,626
ISIC_0010347,93,169,826,635
ISIC_0000190,35,4,645,543
ISIC_0000298,213,232,528,492
ISIC_0014454,856,33,3472,2631
ISIC_0009934,0,0,1024,768
ISIC_0010351,343,215,664,501
ISIC_0000295,55,0,743,576
ISIC_0010225,318,206,750,599
ISIC_0015241,1197,869,4517,3107
ISIC_0000152,814,152,2005,1518
ISIC_0013216,1540,655,2443,1527
ISIC_0000372,34,118,541,461
ISIC_0009879,191,90,800,651
ISIC_0014546,580,22,3949,2834
ISIC_0014263,1905,1041,2517,1718
ISIC_0004346,2076,1007,2931,1723
ISIC_0000153,516,248,2036,1662
ISIC_0000124,521,159,1500,1346
ISIC_0002780,1038,1301,1968,2297
ISIC_0000249,259,258,776,623
ISIC_0009973,130,38,664,628
ISIC_0015284,1932,513,5828,4442
ISIC_0014898,1086,342,5820,3957
ISIC_0012873,1265,761,1579,1083
ISIC_0000380,141,481,2002,1868
ISIC_0014324,235,10,2692,2735
ISIC_0012508,464,863,1646,1696
ISIC_0014665,2974,1584,5282,3353
ISIC_0012941,1306,990,2440,2038
ISIC_0013819,1469,1308,2517,2185
ISIC_0015963,1483,1043,2400,1638
ISIC_0009962,0,2,1024,768
ISIC_0010227,331,182,661,584
ISIC_0000214,206,110,927,497
ISIC_0012957,1722,1022,2359,1535
ISIC_0006350,852,379,1770,1581
ISIC_0010477,43,0,1024,768
ISIC_0001385,859,384,1733,1138
ISIC_0013365,1570,908,2819,2118
ISIC_0014229,1737,952,2584,1785
ISIC_0014186,1358,724,2926,2162
ISIC_0009800,1323,907,2165,1941
ISIC_0000004,176,52,724,723
ISIC_0014139,1670,396,2819,1340
ISIC_0001119,1291,666,1885,1533
ISIC_0012655,1075,547,1336,856
ISIC_0000007,340,228,696,537
ISIC_0012282,1838,975,2819,1963
ISIC_0010439,497,271,667,422
ISIC_0003539,1053,119,1735,857
ISIC_0000253,154,201,393,480
ISIC_0011155,109,85,903,662
ISIC_0003056,1691,521,2308,1464
ISIC_0000271,223,217,745,632
ISIC_0010348,299,0,856,520
ISIC_0014317,1737,1397,2484,2385
ISIC_0011390,0,0,1024,768
ISIC_0014336,785,27,3010,2328
ISIC_0014782,1296,1071,5052,3439
ISIC_0014807,207,0,6621,4401
ISIC_0014775,670,374,6542,4401
ISIC_0014360,1637,1130,2484,2096
ISIC_0010220,335,307,689,576
ISIC_0012685,1241,683,1838,1239
ISIC_0014834,2025,583,5104,3251
ISIC_0014160,1367,694,2806,1956
ISIC_0013121,1335,824,1838,1286
ISIC_0013306,1565,1404,2250,1962
ISIC_0000321,116,0,682,458
ISIC_0009891,180,123,731,524
ISIC_0014311,1101,819,3221,2848
ISIC_0014848,2429,1307,4458,3215
ISIC_0015466,0,12,5854,4334
ISIC_0015020,759,17,5979,4443
ISIC_0000365,199,158,509,452
ISIC_0012965,1359,792,1626,1067
ISIC_0012653,1219,619,1588,1157
ISIC_0014392,1292,312,3051,2607
ISIC_0009936,415,290,683,447
ISIC_0013163,1427,721,1782,1187
ISIC_0008507,1206,927,2148,1824
ISIC_0000520,808,893,2230,1963
ISIC_0013222,1569,1008,2303,1766
ISIC_0007528,1138,643,1615,1149
ISIC_0016045,1602,877,2219,1387
ISIC_0012722,1346,810,1691,1162
ISIC_0008879,1503,965,2203,1753
ISIC_0014221,1178,123,3064,2549
ISIC_0013039,1569,988,2303,1645
ISIC_0013678,1179,616,1811,1216
ISIC_0000252,107,155,456,576
ISIC_0013981,1013,912,1958,2173
ISIC_0012094,1359,886,1814,1255
ISIC_0000120,333,64,1625,1470
ISIC_0013886,1541,1105,2220,1675
ISIC_0000071,268,242,662,503
ISIC_0012810,1557,1225,2187,1897
ISIC_0015144,2693,306,4466,2525
ISIC_0000027,361,168,1015,957
ISIC_0012259,1637,1153,2484,2029
ISIC_0014779,1754,689,4763,3231
ISIC_0000159,276,65,841,722
ISIC_0002879,332,654,1265,1386
ISIC_0010169,37,0,1024,768
ISIC_0013986,1193,347,2197,1597
ISIC_0013048,1478,1049,2213,1685
ISIC_0000094,810,561,1482,986
ISIC_0012306,1265,714,1744,1176
ISIC_0014773,1815,1366,5297,3809
ISIC_0014735,567,0,5977,4399
ISIC_0014290,1670,1397,2551,2341
ISIC_0013800,1288,652,1767,1286
ISIC_0001191,1562,942,2274,1682
ISIC_0013427,431,151,3857,2652
ISIC_0015051,1148,328,4830,3654
ISIC_0015936,832,635,1292,1215
ISIC_0009993,182,112,793,673
ISIC_0014117,1759,1304,2705,2143
ISIC_0014975,1113,168,5178,4337
ISIC_0016027,1998,1163,2373,1608
ISIC_0014667,2347,1006,4393,3244
ISIC_0013737,2139,1598,2618,1985
ISIC_0000439,956,616,1864,1447
ISIC_0010011,260,90,776,639
ISIC_0014156,1575,1053,2637,2068
ISIC_0013410,1369,1108,2148,2207
ISIC_0011095,177,186,746,652
ISIC_0011101,181,213,693,669
ISIC_0014475,1541,867,2613,1898
ISIC_0012538,1670,1420,2417,1985
ISIC_0014763,483,230,5891,4271
ISIC_0013802,1382,792,1720,1223
ISIC_0009898,229,62,723,536
ISIC_0000443,1100,537,2077,1524
ISIC_0015002,1142,0,5556,4439
ISIC_0012266,757,424,2971,2059
ISIC_0000085,641,439,1491,1211
ISIC_0000030,242,18,1377,1112
ISIC_0001140,470,243,1678,1578
ISIC_0002476,1456,798,2062,1728
ISIC_0009975,116,97,638,571
ISIC_0000059,133,147,1250,1026
ISIC_0009430,695,426,1516,1300
ISIC_0000351,200,187,577,398
ISIC_0009967,168,222,725,584
ISIC_0014948,0,0,6495,4439
ISIC_0014480,1552,867,2931,2238
ISIC_0008992,1105,898,1855,1816
ISIC_0000009,178,148,738,635
ISIC_0012369,1393,1027,3031,2358
ISIC_0010092,316,188,696,611
ISIC_0011129,90,55,963,694
ISIC_0000392,518,429,2347,1833
ISIC_0013274,1704,952,2584,1584
ISIC_0000051,207,186,1223,995
ISIC_0014925,2563,1417,4616,3403
ISIC_0000117,654,226,1728,1115
ISIC_0000416,820,412,1874,1810
ISIC_0011173,350,311,570,524
ISIC_0000264,70,50,943,653
ISIC_0000234,74,9,739,594
ISIC_0011360,0,0,1023,768
ISIC_0014936,1112,645,4289,3829
ISIC_0014089,1906,1844,2364,2344
ISIC_0010073,250,77,740,744
ISIC_0011220,469,222,698,453
ISIC_0013675,1804,1375,2819,2586
ISIC_0014274,1804,1041,2517,1696
ISIC_0014382,1168,641,3355,2608
ISIC_0015043,1547,305,5074,3993
ISIC_0000410,490,0,1670,1377
ISIC_0002459,1044,39,1862,902
ISIC_0000258,29,144,899,768
ISIC_0009758,613,329,1646,1354
ISIC_0013147,1241,824,2002,1239
ISIC_0014946,1615,446,4968,4131
ISIC_0012852,1362,493,2405,1656
ISIC_0002829,802,1091,1578,1980
ISIC_0014947,2178,893,5174,3854
ISIC_0008207,1308,772,2202,1579
ISIC_0013032,1312,777,1979,1411
ISIC_0014433,1804,1197,2953,1963
ISIC_0013815,1771,1019,2383,1607
ISIC_0012840,1236,664,2424,1908
ISIC_0011167,39,0,986,768
ISIC_0014729,619,150,5874,4400
ISIC_0000064,255,170,1109,1063
ISIC_0009909,169,239,702,645
ISIC_0000101,481,32,1833,1582
ISIC_0009899,177,37,853,643
ISIC_0013948,1202,606,2683,1963
ISIC_0015129,1723,809,4602,3485
ISIC_0000325,127,57,569,453
ISIC_0013594,419,0,2660,2000
ISIC_0013966,1238,815,1776,1253
ISIC_0000433,0,0,2815,2125
ISIC_0014044,1455,479,2868,2220
ISIC_0013165,1357,806,2424,1847
ISIC_0012739,1359,855,1697,1161
ISIC_0014217,163,396,3388,2519
ISIC_0010228,0,0,1003,768
ISIC_0012204,1196,662,1754,1135
ISIC_0015005,797,663,3814,3816
ISIC_0010023,212,70,817,689
ISIC_0000122,374,242,1836,1295
ISIC_0013738,2120,1808,2513,2200
ISIC_0000046,153,144,1267,979
ISIC_0013719,1194,714,1979,1317
ISIC_0000138,681,391,1562,1247
ISIC_0000225,252,245,576,574
ISIC_0012988,1194,683,1697,1192
ISIC_0000056,294,36,1400,1048
ISIC_0013796,1359,745,1697,1161
ISIC_0003346,1485,1276,2258,1992
ISIC_0000073,120,122,902,631
ISIC_0014077,838,473,3162,2846
ISIC_0013995,1637,997,2752,1762
ISIC_0014632,1150,827,1463,1048
ISIC_0014998,1377,64,5866,3735
ISIC_0014574,958,661,1510,1252
ISIC_0012836,1282,844,1737,1236
ISIC_0000204,205,0,1215,1018
ISIC_0000151,572,418,1437,998
ISIC_0010349,97,0,952,768
ISIC_0010077,270,197,696,542
ISIC_0000146,382,128,1655,1330
ISIC_0000088,505,166,1493,1341
ISIC_0013235,1288,667,1814,1567
ISIC_0014930,1677,1250,4630,3384
ISIC_0010021,100,19,872,744
ISIC_0003005,96,512,1209,1182
ISIC_0011083,379,284,568,497
ISIC_0014099,1297,238,2671,2328
ISIC_0010590,356,274,652,561
ISIC_0015064,0,0,5839,4380
ISIC_0000184,196,68,944,632
ISIC_0000279,26,0,920,754
ISIC_0012521,1570,819,2718,1829
ISIC_0000543,175,35,642,544
ISIC_0014136,1637,1420,2718,2274
ISIC_0010240,195,76,714,616
ISIC_0012670,1221,595,1738,1136
ISIC_0014441,2005,574,2919,1540
ISIC_0013987,994,580,1894,1528
ISIC_0000107,493,136,1413,1300
ISIC_0014181,547,64,3521,2655
ISIC_0010094,197,130,771,551
ISIC_0009992,39,59,892,686
ISIC_0015982,1234,452,2021,1343
ISIC_0014525,1744,847,2603,1705
ISIC_0014702,2106,1347,3899,3260
ISIC_0000112,546,228,1594,1109
ISIC_0000531,233,123,698,632
ISIC_0000080,669,452,1888,1502
ISIC_0006711,1284,852,2017,1657
ISIC_0014393,1052,1150,2095,2146
ISIC_0015291,1619,1450,4641,4100
ISIC_0012250,1100,652,1650,1114
ISIC_0010435,338,184,713,538
ISIC_0012512,1300,755,2532,2348
ISIC_0015274,9,18,6498,4455
ISIC_0015206,1649,270,4412,2977
ISIC_0015127,1329,612,5009,3822
ISIC_0013922,1737,975,2618,1673
ISIC_0010025,265,144,721,546
ISIC_0015157,658,1016,5899,4223
ISIC_0010597,232,130,845,738
ISIC_0000480,191,107,628,643
ISIC_0000261,362,220,674,526
ISIC_0015184,1726,1184,5048,3327
ISIC_0000310,19,0,704,576
ISIC_0012518,624,527,2341,2263
ISIC_0014132,676,215,2392,2020
ISIC_0014316,1536,819,2718,2230
ISIC_0000129,817,455,1419,1206
ISIC_0000534,87,43,710,672
ISIC_0009914,210,107,698,668
ISIC_0000281,231,190,868,678
ISIC_0016028,1613,685,2231,1250
ISIC_0013217,1639,1454,2015,1847
ISIC_0016069,1880,1476,2506,2115
ISIC_0000103,130,111,1546,1320
ISIC_0016041,1248,773,1796,1428
ISIC_0000037,130,12,1377,1023
ISIC_0014958,1003,529,6397,3539
ISIC_0014891,464,169,6152,4027
ISIC_0015203,17,25,6396,4412
ISIC_0000545,169,7,625,700
ISIC_0012976,1750,1170,2152,1544
ISIC_0013794,1193,679,1958,1172
ISIC_0009965,146,51,916,669
ISIC_0014617,988,827,1422,1215
ISIC_0014955,2413,1391,4525,3895
ISIC_0000000,44,41,905,640
ISIC_0014090,1957,1138,2484,1581
ISIC_0000555,207,142,620,589
ISIC_0011228,132,134,801,656
ISIC_0011297,241,192,710,586
ISIC_0014511,2016,1483,2540,1988
ISIC_0000091,609,365,1301,1217
ISIC_0013012,1241,589,1908,1270
ISIC_0014675,2051,1164,4440,3241
ISIC_0009918,167,24,973,766
ISIC_0013242,1248,599,2324,1808
ISIC_0014867,1579,1123,4464,3179
ISIC_0011124,206,151,892,674
ISIC_0012945,1363,820,1584,1062
ISIC_0010041,2,0,1024,768
ISIC_0014069,1628,1367,2580,2144
ISIC_0013459,958,473,2742,2172
ISIC_0014037,1192,1,3051,2778
ISIC_0014470,1570,1219,2517,2274
ISIC_0001148,532,320,2356,2271
ISIC_0002287,873,471,1658,1794
ISIC_0010184,137,305,741,616
ISIC_0000496,267,43,672,666
ISIC_0000474,50,73,887,778
ISIC_0014688,47,0,6648,4398
ISIC_0014787,277,0,6641,4080
ISIC_0000115,709,268,1459,1456
ISIC_0013378,1860,1399,2706,2080
ISIC_0014238,1670,930,2718,2029
ISIC_0015641,1632,348,5588,3779
ISIC_0009933,245,155,703,621
ISIC_0010074,250,86,723,632
ISIC_0010189,0,0,1024,768
ISIC_0013997,1402,529,2316,1429
ISIC_0012268,1581,1064,2185,2103
ISIC_0000066,25,5,845,689
ISIC_0012450,1871,930,2618,1718
ISIC_0010234,346,220,588,546
ISIC_0015219,1500,655,5244,3717
ISIC_0000197,491,135,1263,1051
ISIC_0012323,624,86,2778,1869
ISIC_0000247,348,164,684,544
ISIC_0000160,0,33,722,540
ISIC_0011208,177,163,668,426
ISIC_0000457,241,12,840,657
ISIC_0013839,2072,1486,2484,1874
ISIC_0014836,1424,866,4906,3534
ISIC_0011358,118,144,796,607
ISIC_0015943,1328,769,1656,1157
ISIC_0014938,1573,809,5077,3609
ISIC_0012351,1406,714,1932,1223
ISIC_0012329,1042,610,2005,1542
ISIC_0015078,1362,28,5605,4429
ISIC_0014703,4,0,6044,4401
ISIC_0000012,367,274,626,523
ISIC_0000546,137,63,688,630
ISIC_0014211,1737,774,3288,2007
ISIC_0013891,1876,1341,2282,1786
ISIC_0009954,372,190,770,575
ISIC_0000292,14,0,873,768
ISIC_0010327,262,157,683,597
ISIC_0013333,1771,952,2517,1673
ISIC_0000481,0,4,919,802
ISIC_0012357,1192,387,1989,1447
ISIC_0015946,1307,628,1681,1230
ISIC_0013227,1659,1049,2273,1625
ISIC_0010364,206,167,731,609
ISIC_0010445,273,154,809,763
ISIC_0010014,273,167,721,583
ISIC_0014535,1570,908,2785,2252
ISIC_0000999,2043,235,2890,1275
ISIC_0013667,843,664,2545,2111
ISIC_0014625,310,472,2383,1466
ISIC_0012233,1838,1308,2551,2096
ISIC_0012092,1302,972,2702,2418
ISIC_0010497,106,86,874,768
ISIC_0001372,638,696,1432,1399
ISIC_0014219,1449,618,3150,2469
ISIC_0013603,1690,1069,2182,1564
ISIC_0009994,289,157,766,734
ISIC_0000044,113,66,1355,1017
ISIC_0010257,118,0,937,768
ISIC_0009981,343,347,694,645
ISIC_0002975,938,1006,1744,1909
ISIC_0012182,1218,495,1791,926
ISIC_0012548,1016,327,3072,2380
ISIC_0009942,262,159,744,572
ISIC_0013472,1431,1278,2860,2098
ISIC_0014804,1713,762,4688,3664
ISIC_0014790,0,1,6418,4441
ISIC_0012683,1382,792,1603,1004
ISIC_0011361,0,3,1024,768
ISIC_0011102,235,145,851,702
ISIC_0000456,540,252,2274,1874
ISIC_0009901,204,75,806,714
ISIC_0000427,600,236,2214,2078
ISIC_0010566,229,241,668,591
ISIC_0012663,1241,808,1744,1239
ISIC_0011109,123,31,933,768
ISIC_0001131,446,0,2488,2002
ISIC_0012737,1100,667,1861,1286
ISIC_0014963,0,6,6688,4238
ISIC_0013173,1665,927,1994,1294
ISIC_0012311,924,710,1929,1366
ISIC_0013187,936,683,2096,1395
ISIC_0014928,3025,1383,4834,3608
ISIC_0012290,419,0,2660,2000
ISIC_0013552,1534,1225,2002,1693
ISIC_0012299,889,511,2120,1661
ISIC_0015283,939,652,5769,4208
ISIC_0000087,244,239,1918,1230
ISIC_0012099,1288,777,1673,1098
ISIC_0010174,287,72,832,652
ISIC_0013936,1288,620,1697,1083
ISIC_0014973,267,7,5675,4441
ISIC_0000147,362,46,1784,1469
ISIC_0011356,0,0,1024,768
ISIC_0010459,132,0,1024,768
ISIC_0010452,227,152,890,629
ISIC_0010185,260,286,694,536
ISIC_0013134,1424,745,2198,1394
ISIC_0012213,1359,808,1767,1098
ISIC_0001423,725,175,1598,967
ISIC_0016037,1547,1126,3420,2274
ISIC_0014395,1168,552,2718,2341
ISIC_0014270,1600,632,2735,1984
ISIC_0012708,1088,602,1865,1380
ISIC_0010342,126,60,1024,664
ISIC_0010191,119,135,988,725
ISIC_0015993,1144,797,1862,1222
ISIC_0013495,1670,975,2551,2141
ISIC_0014907,1780,1138,4511,3262
ISIC_0014863,1840,1181,4584,3662
ISIC_0014806,2279,1066,5453,3632
ISIC_0009877,176,101,806,590
ISIC_0000191,509,281,1144,717
ISIC_0000042,309,119,1168,1060
ISIC_0015645,2210,1028,4706,3809
ISIC_0009961,71,192,900,667
ISIC_0000099,221,300,1826,1386
ISIC_0012203,1359,714,1744,1208
ISIC_0015476,1870,691,4604,3597
ISIC_0013843,1218,824,1744,1192
ISIC_0011383,411,176,839,524
ISIC_0012510,8,0,4233,2837
ISIC_0000239,164,104,897,693
ISIC_0001871,1098,634,1687,1138
ISIC_0013492,1194,652,1955,1270
ISIC_0001306,904,398,1462,900
ISIC_0014768,2475,1034,4709,3205
ISIC_0013953,1364,459,2692,2004
ISIC_0012715,410,401,2000,1730
ISIC_0013104,1387,684,2545,1969
ISIC_0015166,1756,170,6269,4459
ISIC_0014628,866,600,1665,1457
ISIC_0013160,1033,163,2221,1218
ISIC_0012222,1241,745,1720,1270
ISIC_0012806,1334,353,2767,1882
ISIC_0014814,1357,1136,4549,2995
ISIC_0013488,831,464,1441,1042
ISIC_0012173,1171,589,1885,1551
ISIC_0013164,1341,805,1666,1145
ISIC_0010490,216,93,793,727
ISIC_0010013,180,215,691,561
ISIC_0000260,242,146,704,562
ISIC_0009982,313,169,709,502
ISIC_0016064,1823,1013,2449,1577
ISIC_0011384,148,150,848,555
ISIC_0014904,1923,1001,4901,3646
ISIC_0012207,916,514,2021,1509
ISIC_0011157,320,186,764,588
ISIC_0011151,0,4,1024,768
ISIC_0012090,1596,174,3380,2119
ISIC_0013037,1629,927,2243,1625
ISIC_0014760,0,446,6341,4339
ISIC_0010330,26,128,977,668
ISIC_0000157,225,69,761,610
ISIC_0016015,1668,1019,2666,2178
ISIC_0010232,0,85,997,754
ISIC_0009966,345,111,756,687
ISIC_0015566,1113,391,3965,4257
ISIC_0000303,0,0,767,576
ISIC_0000081,553,412,1333,1194
ISIC_0000487,25,112,756,735
ISIC_0014849,2073,274,5562,3384
ISIC_0015363,627,0,5325,4417
ISIC_0000488,192,217,759,550
ISIC_0012677,1312,839,1626,1114
ISIC_0014791,826,0,5712,4441
ISIC_0014093,1938,1286,2618,2096
ISIC_0007557,1056,527,2019,1726
ISIC_0014698,2298,843,4317,2824
ISIC_0012417,799,0,3890,2848
ISIC_0013835,986,349,2056,1864
ISIC_0010265,235,169,777,547
ISIC_0013172,1288,777,1767,1255
ISIC_0000040,328,159,1194,926
ISIC_0014826,990,16,5617,3977
ISIC_0014765,1410,691,5891,3882
ISIC_0014860,1959,783,5256,3776
ISIC_0010581,297,169,762,691
ISIC_0013212,1284,759,1729,1095
ISIC_0011327,131,136,1024,554
ISIC_0014066,1469,1531,2986,2185
ISIC_0009917,270,247,602,622
ISIC_0009978,241,175,685,644
ISIC_0000506,317,243,614,593
ISIC_0013090,1265,808,1673,1176
ISIC_0013416,1868,1189,2438,1636
ISIC_0010187,72,132,885,724
ISIC_0008552,1369,1078,2186,1893
ISIC_0000126,417,263,1543,1273
ISIC_0000511,73,11,883,790
ISIC_0013356,1719,1462,2403,1893
ISIC_0016013,1730,1172,2372,2036
ISIC_0000098,781,605,1191,880
ISIC_0014640,684,464,1949,1366
ISIC_0010016,353,252,664,513
ISIC_0013369,2093,1176,2431,1643
ISIC_0000014,122,130,812,645
ISIC_0000329,205,107,489,430
ISIC_0011158,33,25,964,768
ISIC_0012155,1145,920,1822,1364
ISIC_0012884,1194,574,2026,1583
ISIC_0015369,2567,1753,4529,3627
ISIC_0015368,487,159,6214,4399
ISIC_0015150,1274,0,5256,3861
ISIC_0013205,1228,781,1758,1294
ISIC_0014911,1398,194,5778,4419
ISIC_0013501,1615,970,2625,2098
ISIC_0010233,162,83,875,588
ISIC_0010344,176,123,725,616
ISIC_0001292,774,361,1403,1342
ISIC_0013762,1496,889,2899,2121
ISIC_0000391,494,255,2419,2151
ISIC_0002246,1550,675,2456,1302
ISIC_0012658,715,392,1408,1049
ISIC_0010864,239,249,737,691
ISIC_0015404,1287,13,5817,4399
ISIC_0013758,1501,921,2866,2442
ISIC_0013767,748,171,3240,2509
ISIC_0014610,1069,737,1625,1290
ISIC_0000426,139,2,3072,2176
ISIC_0015617,39,465,6281,4235
ISIC_0012478,1603,707,3087,2141
ISIC_0013385,1670,975,2584,2252
ISIC_0003657,547,679,1324,1263
ISIC_0012245,1252,681,2964,2316
ISIC_0015995,1188,727,2018,1562
ISIC_0010496,180,30,831,764
ISIC_0013736,1670,819,3020,2230
ISIC_0014762,0,0,6477,4078
ISIC_0010856,180,117,852,632
ISIC_0011213,378,252,633,445
ISIC_0015046,1067,465,5538,4135
ISIC_0010606,171,191,769,580
ISIC_0013491,1218,683,1908,1473
ISIC_0000169,121,56,601,469
ISIC_0006800,1051,580,1994,1320
ISIC_0012981,1265,985,1827,1627
ISIC_0009948,158,34,819,765
ISIC_0012211,1124,589,1955,1395
ISIC_0010346,241,139,792,709
ISIC_0001213,834,1159,1680,2110
ISIC_0004715,1054,302,1883,1052
ISIC_0011357,219,194,619,528
ISIC_0011323,285,11,600,678
ISIC_0002093,479,140,1460,2016
ISIC_0009201,1143,630,2471,2335
ISIC_0014922,1454,0,6204,3334
ISIC_0013455,1004,446,2978,2523
ISIC_0010861,348,267,558,507
ISIC_0014171,1169,503,3296,2596
ISIC_0011372,318,297,572,507
ISIC_0015395,1672,624,5040,3917
ISIC_0000128,610,370,1484,1154
ISIC_0009995,0,0,1024,768
ISIC_0015244,1499,0,5245,4439
ISIC_0014325,967,418,3154,2274
ISIC_0011177,149,109,856,741
ISIC_0013809,1212,507,3076,2728
ISIC_0010194,36,253,485,768
ISIC_0000132,814,346,1228,807
ISIC_0009883,297,138,789,620
ISIC_0015185,949,0,5696,4419
ISIC_0015270,1656,697,4542,3757
ISIC_0016006,1683,1478,2494,2358
ISIC_0009297,1536,1082,2391,1975
ISIC_0000451,785,729,2131,1968
ISIC_0000311,21,5,765,575
ISIC_0000050,299,191,1329,924
ISIC_0010599,195,23,956,707
ISIC_0010319,110,0,894,701
ISIC_0010044,170,245,564,674
ISIC_0012224,1092,840,2271,2031
ISIC_0011333,236,101,916,734
ISIC_0000006,328,186,630,545
ISIC_0013271,1859,964,2807,1742
ISIC_0011170,160,213,854,561
ISIC_0010212,224,57,833,734
ISIC_0009925,239,29,780,667
ISIC_0013581,1771,1331,2551,2029
ISIC_0014843,1171,494,4803,3687
ISIC_0011366,173,60,878,650
ISIC_0006612,1486,639,2550,1544
ISIC_0000054,347,254,1105,1007
ISIC_0010235,0,0,1012,768
ISIC_0014349,1448,1199,3040,2432
ISIC_0013837,1382,714,1626,1020
ISIC_0010204,0,0,1024,768
ISIC_0011306,231,190,792,524
ISIC_0012089,2201,979,2656,1564
ISIC_0014103,1360,407,2883,2567
ISIC_0010570,145,33,849,753
ISIC_0000491,96,18,810,798
ISIC_0000022,146,111,1352,940
ISIC_0009929,485,301,623,494
ISIC_0000039,345,238,1093,933
ISIC_0015483,1037,936,4848,3940
ISIC_0002469,785,617,1687,1609
ISIC_0010441,531,87,874,440
ISIC_0013898,1670,1486,2685,2274
ISIC_0014059,1615,1418,2698,2078
ISIC_0002885,766,1047,1917,2114
ISIC_0013562,1436,930,2383,1874
ISIC_0016005,1480,992,2944,2162
ISIC_0000276,182,0,806,738
ISIC_0010061,338,172,696,499
ISIC_0012777,1359,824,1650,1114
ISIC_0000170,145,63,715,433
ISIC_0013500,1508,745,2213,1706
ISIC_0008993,887,595,1714,1262
ISIC_0015947,1084,599,1957,1275
ISIC_0012656,727,436,1430,1084
ISIC_0005787,137,665,1189,1429
ISIC_0013685,894,283,2914,1996
ISIC_0013828,724,0,2425,1520
ISIC_0014600,878,607,1592,1215
ISIC_0000140,741,198,2424,1906
ISIC_0016051,1536,1113,2287,1741
ISIC_0014434,1798,1258,2839,2342
ISIC_0010587,235,148,750,486
ISIC_0000211,284,153,655,488
ISIC_0011353,316,282,641,517
ISIC_0010602,84,88,1024,724
ISIC_0009944,426,154,728,622
ISIC_0008280,541,441,1204,1195
ISIC_0000201,311,172,785,542
ISIC_0000350,77,161,570,441
ISIC_0011149,94,0,835,768
ISIC_0015447,203,13,6631,4409
ISIC_0015948,1033,738,1853,1413
ISIC_0011162,252,132,731,536
ISIC_0014853,1881,1334,4160,2877
ISIC_0012273,236,203,2232,1728
ISIC_0000019,205,222,1147,1018
ISIC_0016054,1748,1109,2981,2417
ISIC_0003462,1106,686,1661,1076
ISIC_0009885,431,194,716,474
ISIC_0015139,1812,941,4159,2969
ISIC_0015193,856,508,5856,4103
ISIC_0013065,1454,1261,2033,1685
ISIC_0010498,243,95,771,610
ISIC_0010078,197,11,892,768
ISIC_0000250,152,103,873,596
ISIC_0014624,745,464,1402,1593
ISIC_0013798,1841,1211,2122,1442
ISIC_0016036,936,719,3216,2724
ISIC_0014982,1331,1078,5518,4420
ISIC_0014651,745,646,1382,1184
ISIC_0013523,1171,699,1650,1270
ISIC_0011123,229,138,804,693
ISIC_0001128,919,543,2512,1640
ISIC_0010492,12,0,1024,768
ISIC_0016050,1887,1546,2422,2159
ISIC_0009504,1726,1239,2427,2062
ISIC_0015276,3024,1572,4634,2977
ISIC_0012223,458,43,3550,2792
ISIC_0011386,318,291,634,594
ISIC_0012804,1209,687,1896,1142
ISIC_0015155,1433,823,4452,4221
ISIC_0013124,1538,861,2255,1586
ISIC_0015994,1696,978,2167,1443
ISIC_0012435,1265,605,1955,1176
ISIC_0015941,1136,734,1631,1171
ISIC_0013302,1980,1435,2409,1839
ISIC_0000177,290,121,718,439
ISIC_0013561,1163,541,1773,1489
ISIC_0010494,160,145,849,672
ISIC_0015987,1207,603,1670,1289
ISIC_0010320,18,0,999,726
ISIC_0014149,1768,1448,2541,2339
ISIC_0014029,1288,589,1908,1192
ISIC_0014846,670,65,5867,4340
ISIC_0000108,671,344,1642,1182
ISIC_0015481,2921,1229,5197,3425
ISIC_0000288,0,0,1024,768
ISIC_0000113,672,464,1938,1557
ISIC_0012897,1312,824,1603,1161
ISIC_0012889,1194,324,2073,1083
ISIC_0013414,1778,1100,2368,1823
ISIC_0007087,723,270,1682,1456
ISIC_0009035,1014,454,2271,1942
ISIC_0013527,1428,860,1607,1155
ISIC_0014685,3475,1515,4835,2628
ISIC_0014845,2013,821,4350,3236
ISIC_0000495,257,152,669,681
ISIC_0011382,219,178,928,725
ISIC_0014945,2190,1868,3923,3091
ISIC_0013494,1771,707,2584,2029
ISIC_0014577,643,600,1685,1517
ISIC_0015582,2276,885,5051,2843
ISIC_0000549,90,0,781,719
ISIC_0015030,1264,941,4952,3242
ISIC_0012516,1302,463,2852,1829
ISIC_0014558,1235,552,2919,2385
ISIC_0010323,2,0,1022,768
ISIC_0015990,980,693,1970,1367
ISIC_0008913,1440,485,2894,2318
ISIC_0015258,15,5,6661,3939
ISIC_0013775,1838,1308,2752,2141
ISIC_0000300,51,0,576,576
ISIC_0013383,1804,1420,2417,2163
ISIC_0012880,1063,372,1883,1267
ISIC_0014844,2101,899,4798,3298
ISIC_0014308,1670,975,2886,2118
ISIC_0013801,691,515,2269,1546
ISIC_0009533,1493,576,2360,1855
ISIC_0015223,2221,1595,3664,3156
ISIC_0015951,1443,906,1624,1078
ISIC_0014273,1402,707,2752,2163
ISIC_0001216,923,1139,1778,1772
ISIC_0013910,1758,683,2120,1067
ISIC_0013626,1024,400,2515,1787
ISIC_0000161,139,33,878,670
ISIC_0013141,1192,665,1907,1490
ISIC_0014361,1603,1331,2484,2274
ISIC_0012681,1335,855,1697,1192
ISIC_0016009,1720,969,2662,1975
ISIC_0009888,316,209,696,590
ISIC_0013793,787,440,1516,1085
ISIC_0000207,0,0,1062,701
ISIC_0011363,17,54,968,736
ISIC_0008347,1599,1463,2613,2000
ISIC_0014833,100,14,6390,4427
ISIC_0014169,1254,503,2587,1795
ISIC_0000218,258,224,1132,773
ISIC_0015110,935,614,5537,3408
ISIC_0000341,189,38,586,455
ISIC_0010034,180,92,842,693
ISIC_0000492,268,150,633,634
ISIC_0000135,760,524,1538,1306
ISIC_0000223,4,73,959,580
ISIC_0010206,333,216,697,519
ISIC_0015016,626,0,6254,4128
ISIC_0012883,1599,866,2182,1564
ISIC_0013621,238,340,3453,2592
ISIC_0013526,1347,897,1738,1167
ISIC_0013567,1504,1341,2410,2044
ISIC_0015985,1848,1103,2400,1665
ISIC_0011378,299,25,708,649
ISIC_0013437,1469,618,2919,2385
ISIC_0013688,1570,1086,2685,1851
ISIC_0010236,318,238,610,540
ISIC_0013244,842,605,2120,1270
ISIC_0014962,1555,87,6293,4009
ISIC_0009564,1571,563,2256,1386
ISIC_0000001,346,224,654,487
ISIC_0014788,2902,584,5525,2689
ISIC_0009943,407,157,660,702
ISIC_0013390,1771,1153,2685,2163
ISIC_0012395,1082,419,2094,1471
ISIC_0015636,1327,0,5733,4441
ISIC_0013106,1124,761,1814,1192
ISIC_0013942,1756,1310,2657,2113
ISIC_0011348,8,31,1011,768
ISIC_0015969,1116,520,2206,1628
ISIC_0013371,1101,663,2450,1785
ISIC_0014410,1335,1219,2618,2052
ISIC_0009896,22,0,826,648
ISIC_0009928,150,4,957,768
ISIC_0012313,1218,699,1697,1161
ISIC_0000368,167,0,749,576
ISIC_0009869,416,252,620,572
ISIC_0012876,1789,1110,2166,1506
ISIC_0013007,1077,495,2143,1567
ISIC_0009955,146,219,621,617
ISIC_0012374,1194,652,1885,1301
ISIC_0013712,1570,1397,2115,1940
ISIC_0010571,226,130,827,661
ISIC_0012453,1905,1308,2718,2029
ISIC_0012742,1335,808,1603,1051
ISIC_0012773,0,263,2820,1620
ISIC_0014923,2526,1577,4486,3308
ISIC_0013047,1218,511,2026,1489
ISIC_0014529,1704,1375,2048,1718
ISIC_0013128,1569,643,2273,1645
ISIC_0013443,1526,907,3131,2565
ISIC_0012664,1171,652,1932,1426
ISIC_0015997,1555,1026,2249,1750
ISIC_0016017,1726,1175,2470,1747
ISIC_0013400,1332,972,3020,2527
ISIC_0011131,222,136,760,697
ISIC_0010075,178,0,979,768
ISIC_0013275,1972,1153,2484,1629
ISIC_0013832,808,100,2237,1913
ISIC_0013597,1382,777,1697,1145
ISIC_0012135,1100,328,1625,810
ISIC_0011146,339,171,727,558
ISIC_0002976,1378,839,2100,1783
ISIC_0013490,1077,449,1908,1208
ISIC_0015960,1022,573,1763,1348
ISIC_0013684,1244,506,1944,1339
ISIC_0014157,665,529,2215,1829
ISIC_0000104,498,316,1620,1185
ISIC_0011084,207,153,755,735
ISIC_0005247,858,296,1776,1238
ISIC_0010249,76,38,1005,739
ISIC_0013024,1036,447,2100,1532
ISIC_0014026,1536,1175,2417,1918
ISIC_0011114,344,204,730,610
ISIC_0000227,320,195,763,580
ISIC_0000484,58,63,919,667
ISIC_0010263,322,305,516,542
ISIC_0000489,195,0,706,670
ISIC_0015952,1222,803,1669,1290
ISIC_0011098,284,233,638,569
ISIC_0013025,1780,1130,2152,1564
ISIC_0010552,0,194,892,714
ISIC_0013208,1406,824,1673,1083
ISIC_0014073,1077,78,3381,2586
ISIC_0014770,1353,1125,3972,3223
ISIC_0010093,0,101,1024,704
ISIC_0013673,1386,633,1820,1095
ISIC_0015485,356,0,5337,4439
ISIC_0001374,609,758,1380,1668
ISIC_0010056,0,0,1024,768
ISIC_0013970,1737,1153,2048,1451
ISIC_0000221,345,148,751,495
ISIC_0014820,2588,1346,4088,2664
ISIC_0014658,2345,1440,5434,3890
ISIC_0014983,1185,755,5332,4355
ISIC_0013795,1322,861,1649,1142
ISIC_0000465,271,169,634,653
ISIC_0015132,909,239,6090,4366
ISIC_0000513,149,162,712,643
ISIC_0013549,1499,994,2832,1961
ISIC_0000483,140,110,777,637
ISIC_0013112,1171,339,2026,1114
ISIC_0011397,63,76,920,607
ISIC_0013045,1579,956,2202,1924
ISIC_0014502,1570,1130,2685,2185
ISIC_0011374,0,11,833,768
ISIC_0012679,1382,839,1673,1161
ISIC_0000068,86,125,793,638
ISIC_0014587,922,800,1518,1382
ISIC_0012126,1312,745,1697,1020
ISIC_0001262,1159,933,1818,1541
ISIC_0000466,192,31,747,762
ISIC_0014921,1565,957,5042,3948
ISIC_0010028,299,172,737,657
ISIC_0014957,1132,635,5152,4439
ISIC_0010070,165,171,801,659
ISIC_0011169,344,110,850,668
ISIC_0010321,114,3,795,639
ISIC_0000393,268,21,2632,2286
ISIC_0015146,1580,757,4616,4169
ISIC_0011079,133,0,873,768
ISIC_0012356,0,0,3008,1997
ISIC_0000554,137,41,681,645
ISIC_0010175,40,2,1024,751
ISIC_0015062,0,0,6602,4380
ISIC_0010605,148,0,1023,768
ISIC_0014347,1317,498,2765,2555
ISIC_0000222,100,0,854,623
ISIC_0000179,251,112,1419,971
ISIC_0013224,1115,1393,1759,1928
ISIC_0015468,2219,802,4264,3154
ISIC_0009947,216,215,625,622
ISIC_0013054,1690,1170,2122,1523
ISIC_0011338,317,209,748,628
ISIC_0011085,365,205,681,598
ISIC_0013233,1618,597,1887,971
ISIC_0014253,2206,1086,2785,1584
ISIC_0014943,1580,759,4893,2856
ISIC_0000038,10,130,1386,1059
ISIC_0010047,198,60,832,653
ISIC_0013001,1785,737,2207,1205
ISIC_0012720,795,464,1908,1770
ISIC_0014755,1278,496,5029,3439
ISIC_0012675,1335,730,1720,1208
ISIC_0014541,2008,215,4020,2324
ISIC_0000269,95,202,436,574
ISIC_0014586,1578,422,4089,2648
ISIC_0015179,853,376,4846,3675
ISIC_0008029,1047,840,2086,1782
ISIC_0015411,2139,1728,4341,3783
ISIC_0012425,1257,806,1901,1366
ISIC_0014869,1502,518,4783,4115
ISIC_0014605,806,0,2171,1910
ISIC_0009860,2144,732,2781,2013
ISIC_0013126,1750,927,2303,1382
ISIC_0012332,1124,808,1908,1536
ISIC_0014081,1838,1264,2718,1696
ISIC_0005187,1341,539,2219,1260
ISIC_0000210,250,176,490,375
ISIC_0013805,1396,799,2832,2008
ISIC_0010574,314,187,597,703
ISIC_0014548,1464,966,3231,2683
ISIC_0016033,1290,473,2523,1640
ISIC_0011199,421,217,710,444
ISIC_0001142,268,0,2460,2294
ISIC_0010009,306,320,629,584
ISIC_0015026,2503,1341,3781,2650
ISIC_0000024,335,128,1275,1040
ISIC_0000900,967,317,1865,946
ISIC_0012136,362,370,2667,2000
ISIC_0015102,388,26,6396,4441
ISIC_0010493,233,55,938,768
ISIC_0012216,885,267,2119,1676
ISIC_0015403,1551,1041,4906,3395
ISIC_0013089,1593,676,2321,1460
ISIC_0015237,1673,1,5856,4221
ISIC_0010038,139,0,839,768
ISIC_0013499,1417,725,2394,1807
ISIC_0000143,482,523,2103,1674
ISIC_0014748,1246,99,5370,4419
ISIC_0013015,1194,527,1861,1301
ISIC_0000385,811,489,2234,1881
ISIC_0012263,1563,1409,2396,2228
ISIC_0001118,153,38,3852,2459
ISIC_0014800,1918,180,5107,3683
ISIC_0013394,1871,1086,2551,1762
ISIC_0011219,363,178,713,545
ISIC_0011339,327,138,850,662
ISIC_0012413,1382,745,1932,1348
ISIC_0010244,344,342,611,509
